age,sex,state,value
M_Under5Years,M,Alabama,151356
M_5to9Years,M,Alabama,155081
M_10to14Years,M,Alabama,167636
M_15to17Years,M,Alabama,99974
M_18to24Years,M,Alabama,230978
M_25to34Years,M,Alabama,319149
M_35to44Years,M,Alabama,299339
M_45to54Years,M,Alabama,309965
M_55to64Years,M,Alabama,324086
M_65to74Years,M,Alabama,238075
M_75to84Years,M,Alabama,106537
M_85YearsandOver,M,Alabama,27527
M_Under5Years,M,Alaska,25965
M_5to9Years,M,Alaska,27379
M_10to14Years,M,Alaska,25485
M_15to17Years,M,Alaska,14977
M_18to24Years,M,Alaska,38979
M_25to34Years,M,Alaska,61562
M_35to44Years,M,Alaska,50350
M_45to54Years,M,Alaska,46441
M_55to64Years,M,Alaska,48584
M_65to74Years,M,Alaska,31844
M_75to84Years,M,Alaska,10382
M_85YearsandOver,M,Alaska,2801
M_Under5Years,M,Arizona,210607
M_5to9Years,M,Arizona,224911
M_10to14Years,M,Arizona,244849
M_15to17Years,M,Arizona,144036
M_18to24Years,M,Arizona,347338
M_25to34Years,M,Arizona,499568
M_35to44Years,M,Arizona,450250
M_45to54Years,M,Arizona,419876
M_55to64Years,M,Arizona,415522
M_65to74Years,M,Arizona,344077
M_75to84Years,M,Arizona,179121
M_85YearsandOver,M,Arizona,53740
M_Under5Years,M,Arkansas,95410
M_5to9Years,M,Arkansas,99723
M_10to14Years,M,Arkansas,105077
M_15to17Years,M,Arkansas,62435
M_18to24Years,M,Arkansas,142808
M_25to34Years,M,Arkansas,194336
M_35to44Years,M,Arkansas,187731
M_45to54Years,M,Arkansas,181193
M_55to64Years,M,Arkansas,188082
M_65to74Years,M,Arkansas,141091
M_75to84Years,M,Arkansas,66298
M_85YearsandOver,M,Arkansas,19336
M_Under5Years,M,California,1203859
M_5to9Years,M,California,1245934
M_10to14Years,M,California,1362100
M_15to17Years,M,California,792617
M_18to24Years,M,California,1879868
M_25to34Years,M,California,3056135
M_35to44Years,M,California,2720662
M_45to54Years,M,California,2537185
M_55to64Years,M,California,2366158
M_65to74Years,M,California,1581047
M_75to84Years,M,California,696336
M_85YearsandOver,M,California,272143
M_Under5Years,M,Colorado,165967
M_5to9Years,M,Colorado,176827
M_10to14Years,M,Colorado,191554
M_15to17Years,M,Colorado,112904
M_18to24Years,M,Colorado,273168
M_25to34Years,M,Colorado,464018
M_35to44Years,M,Colorado,417273
M_45to54Years,M,Colorado,364491
M_55to64Years,M,Colorado,350470
M_65to74Years,M,Colorado,249580
M_75to84Years,M,Colorado,95642
M_85YearsandOver,M,Colorado,34042
M_Under5Years,M,Connecticut,93734
M_5to9Years,M,Connecticut,99242
M_10to14Years,M,Connecticut,115470
M_15to17Years,M,Connecticut,72468
M_18to24Years,M,Connecticut,176763
M_25to34Years,M,Connecticut,226394
M_35to44Years,M,Connecticut,217332
M_45to54Years,M,Connecticut,238821
M_55to64Years,M,Connecticut,254733
M_65to74Years,M,Connecticut,167862
M_75to84Years,M,Connecticut,75126
M_85YearsandOver,M,Connecticut,30915
M_Under5Years,M,Delaware,27567
M_5to9Years,M,Delaware,28646
M_10to14Years,M,Delaware,30950
M_15to17Years,M,Delaware,18348
M_18to24Years,M,Delaware,42180
M_25to34Years,M,Delaware,63809
M_35to44Years,M,Delaware,57016
M_45to54Years,M,Delaware,58629
M_55to64Years,M,Delaware,66068
M_65to74Years,M,Delaware,52912
M_75to84Years,M,Delaware,23913
M_85YearsandOver,M,Delaware,7181
M_Under5Years,M,DistrictofColumbia,21890
M_5to9Years,M,DistrictofColumbia,17335
M_10to14Years,M,DistrictofColumbia,16300
M_15to17Years,M,DistrictofColumbia,7748
M_18to24Years,M,DistrictofColumbia,31755
M_25to34Years,M,DistrictofColumbia,72944
M_35to44Years,M,DistrictofColumbia,52731
M_45to54Years,M,DistrictofColumbia,37237
M_55to64Years,M,DistrictofColumbia,33032
M_65to74Years,M,DistrictofColumbia,21419
M_75to84Years,M,DistrictofColumbia,9351
M_85YearsandOver,M,DistrictofColumbia,3748
M_Under5Years,M,Florida,571443
M_5to9Years,M,Florida,583755
M_10to14Years,M,Florida,644169
M_15to17Years,M,Florida,379009
M_18to24Years,M,Florida,881672
M_25to34Years,M,Florida,1390105
M_35to44Years,M,Florida,1315368
M_45to54Years,M,Florida,1355700
M_55to64Years,M,Florida,1391425
M_65to74Years,M,Florida,1137797
M_75to84Years,M,Florida,621507
M_85YearsandOver,M,Florida,217598
M_Under5Years,M,Georgia,329092
M_5to9Years,M,Georgia,350442
M_10to14Years,M,Georgia,385435
M_15to17Years,M,Georgia,228016
M_18to24Years,M,Georgia,518757
M_25to34Years,M,Georgia,721328
M_35to44Years,M,Georgia,686105
M_45to54Years,M,Georgia,690137
M_55to64Years,M,Georgia,631328
M_65to74Years,M,Georgia,424233
M_75to84Years,M,Georgia,175792
M_85YearsandOver,M,Georgia,50951
M_Under5Years,M,Hawaii,45527
M_5to9Years,M,Hawaii,44814
M_10to14Years,M,Hawaii,45331
M_15to17Years,M,Hawaii,24728
M_18to24Years,M,Hawaii,66691
M_25to34Years,M,Hawaii,105291
M_35to44Years,M,Hawaii,96263
M_45to54Years,M,Hawaii,88254
M_55to64Years,M,Hawaii,92087
M_65to74Years,M,Hawaii,75726
M_75to84Years,M,Hawaii,33531
M_85YearsandOver,M,Hawaii,13929
M_Under5Years,M,Idaho,58614
M_5to9Years,M,Idaho,65157
M_10to14Years,M,Idaho,69888
M_15to17Years,M,Idaho,41468
M_18to24Years,M,Idaho,86930
M_25to34Years,M,Idaho,119690
M_35to44Years,M,Idaho,118420
M_45to54Years,M,Idaho,105995
M_55to64Years,M,Idaho,109439
M_65to74Years,M,Idaho,87447
M_75to84Years,M,Idaho,38358
M_85YearsandOver,M,Idaho,11123
M_Under5Years,M,Illinois,381213
M_5to9Years,M,Illinois,397940
M_10to14Years,M,Illinois,433292
M_15to17Years,M,Illinois,262755
M_18to24Years,M,Illinois,594874
M_25to34Years,M,Illinois,882628
M_35to44Years,M,Illinois,843768
M_45to54Years,M,Illinois,819285
M_55to64Years,M,Illinois,826202
M_65to74Years,M,Illinois,559618
M_75to84Years,M,Illinois,243598
M_85YearsandOver,M,Illinois,87003
M_Under5Years,M,Indiana,213036
M_5to9Years,M,Indiana,222731
M_10to14Years,M,Indiana,237190
M_15to17Years,M,Indiana,142459
M_18to24Years,M,Indiana,336559
M_25to34Years,M,Indiana,441929
M_35to44Years,M,Indiana,423372
M_45to54Years,M,Indiana,420733
M_55to64Years,M,Indiana,433858
M_65to74Years,M,Indiana,301294
M_75to84Years,M,Indiana,127233
M_85YearsandOver,M,Indiana,43966
M_Under5Years,M,Iowa,99307
M_5to9Years,M,Iowa,105743
M_10to14Years,M,Iowa,108860
M_15to17Years,M,Iowa,65647
M_18to24Years,M,Iowa,163285
M_25to34Years,M,Iowa,201396
M_35to44Years,M,Iowa,201886
M_45to54Years,M,Iowa,188639
M_55to64Years,M,Iowa,209780
M_65to74Years,M,Iowa,152458
M_75to84Years,M,Iowa,66406
M_85YearsandOver,M,Iowa,26594
M_Under5Years,M,Kansas,95187
M_5to9Years,M,Kansas,104105
M_10to14Years,M,Kansas,104313
M_15to17Years,M,Kansas,62942
M_18to24Years,M,Kansas,154246
M_25to34Years,M,Kansas,193833
M_35to44Years,M,Kansas,186672
M_45to54Years,M,Kansas,170798
M_55to64Years,M,Kansas,185544
M_65to74Years,M,Kansas,132021
M_75to84Years,M,Kansas,56124
M_85YearsandOver,M,Kansas,22367
M_Under5Years,M,Kentucky,139220
M_5to9Years,M,Kentucky,144884
M_10to14Years,M,Kentucky,149328
M_15to17Years,M,Kentucky,91259
M_18to24Years,M,Kentucky,215116
M_25to34Years,M,Kentucky,294612
M_35to44Years,M,Kentucky,281148
M_45to54Years,M,Kentucky,286360
M_55to64Years,M,Kentucky,293125
M_65to74Years,M,Kentucky,212674
M_75to84Years,M,Kentucky,90249
M_85YearsandOver,M,Kentucky,25808
M_Under5Years,M,Louisiana,151391
M_5to9Years,M,Louisiana,153155
M_10to14Years,M,Louisiana,162798
M_15to17Years,M,Louisiana,94784
M_18to24Years,M,Louisiana,215072
M_25to34Years,M,Louisiana,321954
M_35to44Years,M,Louisiana,298693
M_45to54Years,M,Louisiana,272146
M_55to64Years,M,Louisiana,293109
M_65to74Years,M,Louisiana,206992
M_75to84Years,M,Louisiana,84806
M_85YearsandOver,M,Louisiana,28661
M_Under5Years,M,Maine,32899
M_5to9Years,M,Maine,35609
M_10to14Years,M,Maine,38348
M_15to17Years,M,Maine,24154
M_18to24Years,M,Maine,54992
M_25to34Years,M,Maine,81330
M_35to44Years,M,Maine,78454
M_45to54Years,M,Maine,88903
M_55to64Years,M,Maine,104428
M_65to74Years,M,Maine,82589
M_75to84Years,M,Maine,35269
M_85YearsandOver,M,Maine,11333
M_Under5Years,M,Maryland,185279
M_5to9Years,M,Maryland,191750
M_10to14Years,M,Maryland,204033
M_15to17Years,M,Maryland,120450
M_18to24Years,M,Maryland,270938
M_25to34Years,M,Maryland,412275
M_35to44Years,M,Maryland,395351
M_45to54Years,M,Maryland,398574
M_55to64Years,M,Maryland,401452
M_65to74Years,M,Maryland,261463
M_75to84Years,M,Maryland,114345
M_85YearsandOver,M,Maryland,39236
M_Under5Years,M,Massachusetts,183397
M_5to9Years,M,Massachusetts,189716
M_10to14Years,M,Massachusetts,208481
M_15to17Years,M,Massachusetts,129924
M_18to24Years,M,Massachusetts,345976
M_25to34Years,M,Massachusetts,495954
M_35to44Years,M,Massachusetts,432400
M_45to54Years,M,Massachusetts,450590
M_55to64Years,M,Massachusetts,468917
M_65to74Years,M,Massachusetts,318673
M_75to84Years,M,Massachusetts,134840
M_85YearsandOver,M,Massachusetts,54306
M_Under5Years,M,Michigan,288862
M_5to9Years,M,Michigan,306114
M_10to14Years,M,Michigan,324974
M_15to17Years,M,Michigan,202816
M_18to24Years,M,Michigan,484335
M_25to34Years,M,Michigan,658800
M_35to44Years,M,Michigan,597211
M_45to54Years,M,Michigan,638651
M_55to64Years,M,Michigan,696811
M_65to74Years,M,Michigan,498907
M_75to84Years,M,Michigan,211710
M_85YearsandOver,M,Michigan,74134
M_Under5Years,M,Minnesota,178137
M_5to9Years,M,Minnesota,190312
M_10to14Years,M,Minnesota,193180
M_15to17Years,M,Minnesota,115182
M_18to24Years,M,Minnesota,253407
M_25to34Years,M,Minnesota,385927
M_35to44Years,M,Minnesota,377602
M_45to54Years,M,Minnesota,349494
M_55to64Years,M,Minnesota,381387
M_65to74Years,M,Minnesota,260417
M_75to84Years,M,Minnesota,111717
M_85YearsandOver,M,Minnesota,42373
M_Under5Years,M,Mississippi,93586
M_5to9Years,M,Mississippi,93551
M_10to14Years,M,Mississippi,110455
M_15to17Years,M,Mississippi,63283
M_18to24Years,M,Mississippi,145668
M_25to34Years,M,Mississippi,187783
M_35to44Years,M,Mississippi,181643
M_45to54Years,M,Mississippi,176219
M_55to64Years,M,Mississippi,183705
M_65to74Years,M,Mississippi,134243
M_75to84Years,M,Mississippi,58641
M_85YearsandOver,M,Mississippi,15478
M_Under5Years,M,Missouri,188129
M_5to9Years,M,Missouri,196550
M_10to14Years,M,Missouri,205388
M_15to17Years,M,Missouri,123453
M_18to24Years,M,Missouri,286303
M_25to34Years,M,Missouri,406863
M_35to44Years,M,Missouri,383011
M_45to54Years,M,Missouri,369588
M_55to64Years,M,Missouri,406898
M_65to74Years,M,Missouri,287399
M_75to84Years,M,Missouri,130452
M_85YearsandOver,M,Missouri,43707
M_Under5Years,M,Montana,31226
M_5to9Years,M,Montana,33436
M_10to14Years,M,Montana,34933
M_15to17Years,M,Montana,20506
M_18to24Years,M,Montana,52356
M_25to34Years,M,Montana,70343
M_35to44Years,M,Montana,68258
M_45to54Years,M,Montana,62006
M_55to64Years,M,Montana,74706
M_65to74Years,M,Montana,62808
M_75to84Years,M,Montana,27422
M_85YearsandOver,M,Montana,7671
M_Under5Years,M,Nebraska,66837
M_5to9Years,M,Nebraska,69746
M_10to14Years,M,Nebraska,71254
M_15to17Years,M,Nebraska,42180
M_18to24Years,M,Nebraska,96823
M_25to34Years,M,Nebraska,130233
M_35to44Years,M,Nebraska,127143
M_45to54Years,M,Nebraska,113342
M_55to64Years,M,Nebraska,122246
M_65to74Years,M,Nebraska,86805
M_75to84Years,M,Nebraska,37956
M_85YearsandOver,M,Nebraska,14298
M_Under5Years,M,Nevada,92638
M_5to9Years,M,Nevada,98171
M_10to14Years,M,Nevada,104066
M_15to17Years,M,Nevada,60095
M_18to24Years,M,Nevada,127781
M_25to34Years,M,Nevada,225322
M_35to44Years,M,Nevada,210823
M_45to54Years,M,Nevada,202732
M_55to64Years,M,Nevada,191222
M_65to74Years,M,Nevada,145580
M_75to84Years,M,Nevada,65338
M_85YearsandOver,M,Nevada,18021
M_Under5Years,M,NewHampshire,32295
M_5to9Years,M,NewHampshire,36298
M_10to14Years,M,NewHampshire,39656
M_15to17Years,M,NewHampshire,25252
M_18to24Years,M,NewHampshire,63936
M_25to34Years,M,NewHampshire,88591
M_35to44Years,M,NewHampshire,81058
M_45to54Years,M,NewHampshire,93522
M_55to64Years,M,NewHampshire,107461
M_65to74Years,M,NewHampshire,75070
M_75to84Years,M,NewHampshire,30331
M_85YearsandOver,M,NewHampshire,10376
M_Under5Years,M,NewJersey,271646
M_5to9Years,M,NewJersey,287097
M_10to14Years,M,NewJersey,299463
M_15to17Years,M,NewJersey,185406
M_18to24Years,M,NewJersey,399356
M_25to34Years,M,NewJersey,597528
M_35to44Years,M,NewJersey,598712
M_45to54Years,M,NewJersey,624281
M_55to64Years,M,NewJersey,622721
M_65to74Years,M,NewJersey,403049
M_75to84Years,M,NewJersey,182138
M_85YearsandOver,M,NewJersey,67914
M_Under5Years,M,NewMexico,61578
M_5to9Years,M,NewMexico,68043
M_10to14Years,M,NewMexico,74617
M_15to17Years,M,NewMexico,43125
M_18to24Years,M,NewMexico,102046
M_25to34Years,M,NewMexico,144760
M_35to44Years,M,NewMexico,131926
M_45to54Years,M,NewMexico,119662
M_55to64Years,M,NewMexico,132493
M_65to74Years,M,NewMexico,106777
M_75to84Years,M,NewMexico,47392
M_85YearsandOver,M,NewMexico,16029
M_Under5Years,M,NewYork,590167
M_5to9Years,M,NewYork,577739
M_10to14Years,M,NewYork,620488
M_15to17Years,M,NewYork,370896
M_18to24Years,M,NewYork,910475
M_25to34Years,M,NewYork,1449506
M_35to44Years,M,NewYork,1264814
M_45to54Years,M,NewYork,1275357
M_55to64Years,M,NewYork,1310482
M_65to74Years,M,NewYork,895711
M_75to84Years,M,NewYork,400262
M_85YearsandOver,M,NewYork,155814
M_Under5Years,M,NorthCarolina,304889
M_5to9Years,M,NorthCarolina,319048
M_10to14Years,M,NorthCarolina,346840
M_15to17Years,M,NorthCarolina,205862
M_18to24Years,M,NorthCarolina,504452
M_25to34Years,M,NorthCarolina,680742
M_35to44Years,M,NorthCarolina,642983
M_45to54Years,M,NorthCarolina,668994
M_55to64Years,M,NorthCarolina,647688
M_65to74Years,M,NorthCarolina,477261
M_75to84Years,M,NorthCarolina,205600
M_85YearsandOver,M,NorthCarolina,63307
M_Under5Years,M,NorthDakota,27612
M_5to9Years,M,NorthDakota,26774
M_10to14Years,M,NorthDakota,26311
M_15to17Years,M,NorthDakota,13946
M_18to24Years,M,NorthDakota,44800
M_25to34Years,M,NorthDakota,61657
M_35to44Years,M,NorthDakota,50465
M_45to54Years,M,NorthDakota,41873
M_55to64Years,M,NorthDakota,48776
M_65to74Years,M,NorthDakota,33924
M_75to84Years,M,NorthDakota,14654
M_85YearsandOver,M,NorthDakota,6301
M_Under5Years,M,Ohio,351995
M_5to9Years,M,Ohio,366508
M_10to14Years,M,Ohio,390216
M_15to17Years,M,Ohio,237370
M_18to24Years,M,Ohio,539866
M_25to34Years,M,Ohio,776454
M_35to44Years,M,Ohio,715930
M_45to54Years,M,Ohio,737774
M_55to64Years,M,Ohio,792324
M_65to74Years,M,Ohio,564936
M_75to84Years,M,Ohio,240950
M_85YearsandOver,M,Ohio,85681
M_Under5Years,M,Oklahoma,129519
M_5to9Years,M,Oklahoma,136180
M_10to14Years,M,Oklahoma,142822
M_15to17Years,M,Oklahoma,82948
M_18to24Years,M,Oklahoma,196910
M_25to34Years,M,Oklahoma,271531
M_35to44Years,M,Oklahoma,254745
M_45to54Years,M,Oklahoma,231695
M_55to64Years,M,Oklahoma,241267
M_65to74Years,M,Oklahoma,173216
M_75to84Years,M,Oklahoma,80827
M_85YearsandOver,M,Oklahoma,23267
M_Under5Years,M,Oregon,114886
M_5to9Years,M,Oregon,124130
M_10to14Years,M,Oregon,131624
M_15to17Years,M,Oregon,77796
M_18to24Years,M,Oregon,184620
M_25to34Years,M,Oregon,300714
M_35to44Years,M,Oregon,292494
M_45to54Years,M,Oregon,262643
M_55to64Years,M,Oregon,264235
M_65to74Years,M,Oregon,220081
M_75to84Years,M,Oregon,90549
M_85YearsandOver,M,Oregon,32657
M_Under5Years,M,Pennsylvania,358907
M_5to9Years,M,Pennsylvania,372560
M_10to14Years,M,Pennsylvania,407426
M_15to17Years,M,Pennsylvania,247022
M_18to24Years,M,Pennsylvania,584520
M_25to34Years,M,Pennsylvania,864033
M_35to44Years,M,Pennsylvania,784542
M_45to54Years,M,Pennsylvania,824294
M_55to64Years,M,Pennsylvania,903026
M_65to74Years,M,Pennsylvania,651629
M_75to84Years,M,Pennsylvania,285611
M_85YearsandOver,M,Pennsylvania,110647
M_Under5Years,M,RhodeIsland,28236
M_5to9Years,M,RhodeIsland,28728
M_10to14Years,M,RhodeIsland,32137
M_15to17Years,M,RhodeIsland,19833
M_18to24Years,M,RhodeIsland,55615
M_25to34Years,M,RhodeIsland,77010
M_35to44Years,M,RhodeIsland,65678
M_45to54Years,M,RhodeIsland,69183
M_55to64Years,M,RhodeIsland,74894
M_65to74Years,M,RhodeIsland,52110
M_75to84Years,M,RhodeIsland,22662
M_85YearsandOver,M,RhodeIsland,8197
M_Under5Years,M,SouthCarolina,146308
M_5to9Years,M,SouthCarolina,155195
M_10to14Years,M,SouthCarolina,167163
M_15to17Years,M,SouthCarolina,97971
M_18to24Years,M,SouthCarolina,238194
M_25to34Years,M,SouthCarolina,324208
M_35to44Years,M,SouthCarolina,305203
M_45to54Years,M,SouthCarolina,310404
M_55to64Years,M,SouthCarolina,324491
M_65to74Years,M,SouthCarolina,260748
M_75to84Years,M,SouthCarolina,113123
M_85YearsandOver,M,SouthCarolina,31051
M_Under5Years,M,SouthDakota,30241
M_5to9Years,M,SouthDakota,31312
M_10to14Years,M,SouthDakota,31887
M_15to17Years,M,SouthDakota,18202
M_18to24Years,M,SouthDakota,42713
M_25to34Years,M,SouthDakota,59518
M_35to44Years,M,SouthDakota,55526
M_45to54Years,M,SouthDakota,49291
M_55to64Years,M,SouthDakota,58835
M_65to74Years,M,SouthDakota,44416
M_75to84Years,M,SouthDakota,18047
M_85YearsandOver,M,SouthDakota,6473
M_Under5Years,M,Tennessee,207621
M_5to9Years,M,Tennessee,213730
M_10to14Years,M,Tennessee,227633
M_15to17Years,M,Tennessee,135614
M_18to24Years,M,Tennessee,311993
M_25to34Years,M,Tennessee,464442
M_35to44Years,M,Tennessee,427727
M_45to54Years,M,Tennessee,438241
M_55to64Years,M,Tennessee,435497
M_65to74Years,M,Tennessee,320313
M_75to84Years,M,Tennessee,141284
M_85YearsandOver,M,Tennessee,38004
M_Under5Years,M,Texas,1000733
M_5to9Years,M,Texas,1043347
M_10to14Years,M,Texas,1111175
M_15to17Years,M,Texas,647804
M_18to24Years,M,Texas,1436876
M_25to34Years,M,Texas,2120302
M_35to44Years,M,Texas,2011317
M_45to54Years,M,Texas,1790202
M_55to64Years,M,Texas,1603097
M_65to74Years,M,Texas,1051370
M_75to84Years,M,Texas,441658
M_85YearsandOver,M,Texas,140290
M_Under5Years,M,Utah,125819
M_5to9Years,M,Utah,136703
M_10to14Years,M,Utah,140717
M_15to17Years,M,Utah,82895
M_18to24Years,M,Utah,185192
M_25to34Years,M,Utah,239874
M_35to44Years,M,Utah,229722
M_45to54Years,M,Utah,172254
M_55to64Years,M,Utah,152357
M_65to74Years,M,Utah,106686
M_75to84Years,M,Utah,46514
M_85YearsandOver,M,Utah,15110
M_Under5Years,M,Vermont,15119
M_5to9Years,M,Vermont,17222
M_10to14Years,M,Vermont,18161
M_15to17Years,M,Vermont,11305
M_18to24Years,M,Vermont,35186
M_25to34Years,M,Vermont,38087
M_35to44Years,M,Vermont,36770
M_45to54Years,M,Vermont,40240
M_55to64Years,M,Vermont,48289
M_65to74Years,M,Vermont,37692
M_75to84Years,M,Vermont,15604
M_85YearsandOver,M,Vermont,4858
M_Under5Years,M,Virginia,256734
M_5to9Years,M,Virginia,266854
M_10to14Years,M,Virginia,280270
M_15to17Years,M,Virginia,166637
M_18to24Years,M,Virginia,415948
M_25to34Years,M,Virginia,593484
M_35to44Years,M,Virginia,568853
M_45to54Years,M,Virginia,555240
M_55to64Years,M,Virginia,546869
M_65to74Years,M,Virginia,376160
M_75to84Years,M,Virginia,165350
M_85YearsandOver,M,Virginia,52882
M_Under5Years,M,Washington,230732
M_5to9Years,M,Washington,242605
M_10to14Years,M,Washington,245314
M_15to17Years,M,Washington,142233
M_18to24Years,M,Washington,341829
M_25to34Years,M,Washington,596836
M_35to44Years,M,Washington,534910
M_45to54Years,M,Washington,476959
M_55to64Years,M,Washington,478018
M_65to74Years,M,Washington,350206
M_75to84Years,M,Washington,143665
M_85YearsandOver,M,Washington,48657
M_Under5Years,M,WestVirginia,48062
M_5to9Years,M,WestVirginia,51311
M_10to14Years,M,WestVirginia,56100
M_15to17Years,M,WestVirginia,33282
M_18to24Years,M,WestVirginia,81598
M_25to34Years,M,WestVirginia,107520
M_35to44Years,M,WestVirginia,110481
M_45to54Years,M,WestVirginia,117303
M_55to64Years,M,WestVirginia,126256
M_65to74Years,M,WestVirginia,104964
M_75to84Years,M,WestVirginia,46984
M_85YearsandOver,M,WestVirginia,12862
M_Under5Years,M,Wisconsin,168590
M_5to9Years,M,Wisconsin,180072
M_10to14Years,M,Wisconsin,195924
M_15to17Years,M,Wisconsin,117764
M_18to24Years,M,Wisconsin,280384
M_25to34Years,M,Wisconsin,375284
M_35to44Years,M,Wisconsin,370951
M_45to54Years,M,Wisconsin,371519
M_55to64Years,M,Wisconsin,416624
M_65to74Years,M,Wisconsin,292854
M_75to84Years,M,Wisconsin,124187
M_85YearsandOver,M,Wisconsin,43468
M_Under5Years,M,Wyoming,17712
M_5to9Years,M,Wyoming,19577
M_10to14Years,M,Wyoming,20150
M_15to17Years,M,Wyoming,11865
M_18to24Years,M,Wyoming,27621
M_25to34Years,M,Wyoming,39712
M_35to44Years,M,Wyoming,38660
M_45to54Years,M,Wyoming,33686
M_55to64Years,M,Wyoming,39252
M_65to74Years,M,Wyoming,30787
M_75to84Years,M,Wyoming,12406
M_85YearsandOver,M,Wyoming,3776
F_Under5Years,F,Alabama,144276
F_5to9Years,F,Alabama,146733
F_10to14Years,F,Alabama,162158
F_15to17Years,F,Alabama,95167
F_18to24Years,F,Alabama,230513
F_25to34Years,F,Alabama,328098
F_35to44Years,F,Alabama,315771
F_45to54Years,F,Alabama,323966
F_55to64Years,F,Alabama,349002
F_65to74Years,F,Alabama,273827
F_75to84Years,F,Alabama,142272
F_85YearsandOver,F,Alabama,56189
F_Under5Years,F,Alaska,24826
F_5to9Years,F,Alaska,25891
F_10to14Years,F,Alaska,24162
F_15to17Years,F,Alaska,14049
F_18to24Years,F,Alaska,29856
F_25to34Years,F,Alaska,54963
F_35to44Years,F,Alaska,46314
F_45to54Years,F,Alaska,41278
F_55to64Years,F,Alaska,44702
F_65to74Years,F,Alaska,29621
F_75to84Years,F,Alaska,11713
F_85YearsandOver,F,Alaska,3827
F_Under5Years,F,Arizona,201999
F_5to9Years,F,Arizona,215310
F_10to14Years,F,Arizona,235194
F_15to17Years,F,Arizona,137529
F_18to24Years,F,Arizona,325423
F_25to34Years,F,Arizona,467102
F_35to44Years,F,Arizona,432664
F_45to54Years,F,Arizona,419087
F_55to64Years,F,Arizona,444079
F_65to74Years,F,Arizona,387296
F_75to84Years,F,Arizona,200147
F_85YearsandOver,F,Arizona,79478
F_Under5Years,F,Arkansas,89170
F_5to9Years,F,Arkansas,95925
F_10to14Years,F,Arkansas,98171
F_15to17Years,F,Arkansas,59874
F_18to24Years,F,Arkansas,136426
F_25to34Years,F,Arkansas,194163
F_35to44Years,F,Arkansas,188700
F_45to54Years,F,Arkansas,183520
F_55to64Years,F,Arkansas,198204
F_65to74Years,F,Arkansas,159216
F_75to84Years,F,Arkansas,83939
F_85YearsandOver,F,Arkansas,35481
F_Under5Years,F,California,1146476
F_5to9Years,F,California,1188179
F_10to14Years,F,California,1296261
F_15to17Years,F,California,757006
F_18to24Years,F,California,1785983
F_25to34Years,F,California,2885487
F_35to44Years,F,California,2620387
F_45to54Years,F,California,2506218
F_55to64Years,F,California,2434959
F_65to74Years,F,California,1782400
F_75to84Years,F,California,885135
F_85YearsandOver,F,California,452818
F_Under5Years,F,Colorado,158279
F_5to9Years,F,Colorado,170826
F_10to14Years,F,Colorado,178712
F_15to17Years,F,Colorado,107666
F_18to24Years,F,Colorado,250233
F_25to34Years,F,Colorado,425915
F_35to44Years,F,Colorado,387976
F_45to54Years,F,Colorado,347705
F_55to64Years,F,Colorado,359938
F_65to74Years,F,Colorado,268788
F_75to84Years,F,Colorado,116980
F_85YearsandOver,F,Colorado,54222
F_Under5Years,F,Connecticut,88388
F_5to9Years,F,Connecticut,97298
F_10to14Years,F,Connecticut,108901
F_15to17Years,F,Connecticut,68990
F_18to24Years,F,Connecticut,168939
F_25to34Years,F,Connecticut,219467
F_35to44Years,F,Connecticut,221766
F_45to54Years,F,Connecticut,249462
F_55to64Years,F,Connecticut,266983
F_65to74Years,F,Connecticut,189547
F_75to84Years,F,Connecticut,98023
F_85YearsandOver,F,Connecticut,58706
F_Under5Years,F,Delaware,26667
F_5to9Years,F,Delaware,27835
F_10to14Years,F,Delaware,29842
F_15to17Years,F,Delaware,17790
F_18to24Years,F,Delaware,41449
F_25to34Years,F,Delaware,64069
F_35to44Years,F,Delaware,58757
F_45to54Years,F,Delaware,62606
F_55to64Years,F,Delaware,73289
F_65to74Years,F,Delaware,61044
F_75to84Years,F,Delaware,29795
F_85YearsandOver,F,Delaware,11530
F_Under5Years,F,DistrictofColumbia,21068
F_5to9Years,F,DistrictofColumbia,17734
F_10to14Years,F,DistrictofColumbia,15149
F_15to17Years,F,DistrictofColumbia,7798
F_18to24Years,F,DistrictofColumbia,38651
F_25to34Years,F,DistrictofColumbia,82770
F_35to44Years,F,DistrictofColumbia,54067
F_45to54Years,F,DistrictofColumbia,36364
F_55to64Years,F,DistrictofColumbia,35382
F_65to74Years,F,DistrictofColumbia,27553
F_75to84Years,F,DistrictofColumbia,14617
F_85YearsandOver,F,DistrictofColumbia,6511
F_Under5Years,F,Florida,547351
F_5to9Years,F,Florida,564146
F_10to14Years,F,Florida,608112
F_15to17Years,F,Florida,363328
F_18to24Years,F,Florida,847487
F_25to34Years,F,Florida,1352337
F_35to44Years,F,Florida,1311562
F_45to54Years,F,Florida,1379530
F_55to64Years,F,Florida,1506298
F_65to74Years,F,Florida,1304876
F_75to84Years,F,Florida,737603
F_85YearsandOver,F,Florida,327584
F_Under5Years,F,Georgia,314626
F_5to9Years,F,Georgia,335684
F_10to14Years,F,Georgia,369232
F_15to17Years,F,Georgia,219670
F_18to24Years,F,Georgia,498805
F_25to34Years,F,Georgia,740657
F_35to44Years,F,Georgia,722751
F_45to54Years,F,Georgia,720678
F_55to64Years,F,Georgia,683040
F_65to74Years,F,Georgia,500530
F_75to84Years,F,Georgia,233171
F_85YearsandOver,F,Georgia,95155
F_Under5Years,F,Hawaii,42240
F_5to9Years,F,Hawaii,42166
F_10to14Years,F,Hawaii,42674
F_15to17Years,F,Hawaii,23540
F_18to24Years,F,Hawaii,55365
F_25to34Years,F,Hawaii,97249
F_35to44Years,F,Hawaii,92182
F_45to54Years,F,Hawaii,86904
F_55to64Years,F,Hawaii,93403
F_65to74Years,F,Hawaii,79928
F_75to84Years,F,Hawaii,40383
F_85YearsandOver,F,Hawaii,25292
F_Under5Years,F,Idaho,56355
F_5to9Years,F,Idaho,61224
F_10to14Years,F,Idaho,66826
F_15to17Years,F,Idaho,39298
F_18to24Years,F,Idaho,80660
F_25to34Years,F,Idaho,115613
F_35to44Years,F,Idaho,114768
F_45to54Years,F,Idaho,101830
F_55to64Years,F,Idaho,112344
F_65to74Years,F,Idaho,90572
F_75to84Years,F,Idaho,41927
F_85YearsandOver,F,Idaho,17671
F_Under5Years,F,Illinois,364468
F_5to9Years,F,Illinois,383394
F_10to14Years,F,Illinois,413063
F_15to17Years,F,Illinois,251226
F_18to24Years,F,Illinois,574710
F_25to34Years,F,Illinois,868914
F_35to44Years,F,Illinois,832953
F_45to54Years,F,Illinois,821198
F_55to64Years,F,Illinois,857195
F_65to74Years,F,Illinois,630669
F_75to84Years,F,Illinois,323653
F_85YearsandOver,F,Illinois,168194
F_Under5Years,F,Indiana,202506
F_5to9Years,F,Indiana,213179
F_10to14Years,F,Indiana,225170
F_15to17Years,F,Indiana,135816
F_18to24Years,F,Indiana,321480
F_25to34Years,F,Indiana,437003
F_35to44Years,F,Indiana,420081
F_45to54Years,F,Indiana,418213
F_55to64Years,F,Indiana,448478
F_65to74Years,F,Indiana,335267
F_75to84Years,F,Indiana,166340
F_85YearsandOver,F,Indiana,83447
F_Under5Years,F,Iowa,95263
F_5to9Years,F,Iowa,99107
F_10to14Years,F,Iowa,106302
F_15to17Years,F,Iowa,61946
F_18to24Years,F,Iowa,153746
F_25to34Years,F,Iowa,193335
F_35to44Years,F,Iowa,190776
F_45to54Years,F,Iowa,183192
F_55to64Years,F,Iowa,210338
F_65to74Years,F,Iowa,160760
F_75to84Years,F,Iowa,86783
F_85YearsandOver,F,Iowa,47541
F_Under5Years,F,Kansas,90089
F_5to9Years,F,Kansas,98651
F_10to14Years,F,Kansas,99835
F_15to17Years,F,Kansas,59029
F_18to24Years,F,Kansas,141751
F_25to34Years,F,Kansas,184148
F_35to44Years,F,Kansas,179951
F_45to54Years,F,Kansas,166457
F_55to64Years,F,Kansas,190520
F_65to74Years,F,Kansas,141352
F_75to84Years,F,Kansas,72067
F_85YearsandOver,F,Kansas,40097
F_Under5Years,F,Kentucky,131639
F_5to9Years,F,Kentucky,134664
F_10to14Years,F,Kentucky,146208
F_15to17Years,F,Kentucky,84707
F_18to24Years,F,Kentucky,203552
F_25to34Years,F,Kentucky,287128
F_35to44Years,F,Kentucky,279778
F_45to54Years,F,Kentucky,286676
F_55to64Years,F,Kentucky,309886
F_65to74Years,F,Kentucky,237606
F_75to84Years,F,Kentucky,119685
F_85YearsandOver,F,Kentucky,48829
F_Under5Years,F,Louisiana,145968
F_5to9Years,F,Louisiana,147702
F_10to14Years,F,Louisiana,155675
F_15to17Years,F,Louisiana,89610
F_18to24Years,F,Louisiana,207295
F_25to34Years,F,Louisiana,325281
F_35to44Years,F,Louisiana,302520
F_45to54Years,F,Louisiana,283509
F_55to64Years,F,Louisiana,314197
F_65to74Years,F,Louisiana,236480
F_75to84Years,F,Louisiana,115243
F_85YearsandOver,F,Louisiana,50264
F_Under5Years,F,Maine,31033
F_5to9Years,F,Maine,33921
F_10to14Years,F,Maine,35708
F_15to17Years,F,Maine,22913
F_18to24Years,F,Maine,52569
F_25to34Years,F,Maine,80921
F_35to44Years,F,Maine,79853
F_45to54Years,F,Maine,90204
F_55to64Years,F,Maine,109986
F_65to74Years,F,Maine,88670
F_75to84Years,F,Maine,42366
F_85YearsandOver,F,Maine,20594
F_Under5Years,F,Maryland,178187
F_5to9Years,F,Maryland,185444
F_10to14Years,F,Maryland,192426
F_15to17Years,F,Maryland,115580
F_18to24Years,F,Maryland,263663
F_25to34Years,F,Maryland,417624
F_35to44Years,F,Maryland,410034
F_45to54Years,F,Maryland,421672
F_55to64Years,F,Maryland,433923
F_65to74Years,F,Maryland,308315
F_75to84Years,F,Maryland,152385
F_85YearsandOver,F,Maryland,74146
F_Under5Years,F,Massachusetts,174546
F_5to9Years,F,Massachusetts,182121
F_10to14Years,F,Massachusetts,197419
F_15to17Years,F,Massachusetts,124120
F_18to24Years,F,Massachusetts,353284
F_25to34Years,F,Massachusetts,494669
F_35to44Years,F,Massachusetts,440996
F_45to54Years,F,Massachusetts,468840
F_55to64Years,F,Massachusetts,494471
F_65to74Years,F,Massachusetts,364247
F_75to84Years,F,Massachusetts,179444
F_85YearsandOver,F,Massachusetts,104521
F_Under5Years,F,Michigan,275955
F_5to9Years,F,Michigan,288805
F_10to14Years,F,Michigan,309219
F_15to17Years,F,Michigan,192111
F_18to24Years,F,Michigan,466189
F_25to34Years,F,Michigan,640235
F_35to44Years,F,Michigan,595069
F_45to54Years,F,Michigan,643527
F_55to64Years,F,Michigan,719772
F_65to74Years,F,Michigan,547999
F_75to84Years,F,Michigan,266360
F_85YearsandOver,F,Michigan,133946
F_Under5Years,F,Minnesota,170331
F_5to9Years,F,Minnesota,179033
F_10to14Years,F,Minnesota,187238
F_15to17Years,F,Minnesota,110156
F_18to24Years,F,Minnesota,245995
F_25to34Years,F,Minnesota,370288
F_35to44Years,F,Minnesota,361112
F_45to54Years,F,Minnesota,339102
F_55to64Years,F,Minnesota,381072
F_65to74Years,F,Minnesota,275175
F_75to84Years,F,Minnesota,138605
F_85YearsandOver,F,Minnesota,73230
F_Under5Years,F,Mississippi,88560
F_5to9Years,F,Mississippi,94546
F_10to14Years,F,Mississippi,102156
F_15to17Years,F,Mississippi,59917
F_18to24Years,F,Mississippi,141196
F_25to34Years,F,Mississippi,192844
F_35to44Years,F,Mississippi,190763
F_45to54Years,F,Mississippi,187899
F_55to64Years,F,Mississippi,200318
F_65to74Years,F,Mississippi,153935
F_75to84Years,F,Mississippi,78431
F_85YearsandOver,F,Mississippi,32203
F_Under5Years,F,Missouri,179003
F_5to9Years,F,Missouri,183572
F_10to14Years,F,Missouri,198719
F_15to17Years,F,Missouri,117561
F_18to24Years,F,Missouri,275037
F_25to34Years,F,Missouri,407488
F_35to44Years,F,Missouri,380073
F_45to54Years,F,Missouri,374543
F_55to64Years,F,Missouri,425519
F_65to74Years,F,Missouri,324210
F_75to84Years,F,Missouri,169217
F_85YearsandOver,F,Missouri,78851
F_Under5Years,F,Montana,29140
F_5to9Years,F,Montana,31527
F_10to14Years,F,Montana,32575
F_15to17Years,F,Montana,19472
F_18to24Years,F,Montana,46345
F_25to34Years,F,Montana,67748
F_35to44Years,F,Montana,64583
F_45to54Years,F,Montana,59516
F_55to64Years,F,Montana,76848
F_65to74Years,F,Montana,62660
F_75to84Years,F,Montana,29182
F_85YearsandOver,F,Montana,12711
F_Under5Years,F,Nebraska,63563
F_5to9Years,F,Nebraska,65190
F_10to14Years,F,Nebraska,67848
F_15to17Years,F,Nebraska,39292
F_18to24Years,F,Nebraska,93432
F_25to34Years,F,Nebraska,124874
F_35to44Years,F,Nebraska,120806
F_45to54Years,F,Nebraska,108169
F_55to64Years,F,Nebraska,122731
F_65to74Years,F,Nebraska,93193
F_75to84Years,F,Nebraska,46589
F_85YearsandOver,F,Nebraska,26930
F_Under5Years,F,Nevada,88791
F_5to9Years,F,Nevada,92791
F_10to14Years,F,Nevada,100108
F_15to17Years,F,Nevada,57370
F_18to24Years,F,Nevada,120709
F_25to34Years,F,Nevada,217477
F_35to44Years,F,Nevada,202487
F_45to54Years,F,Nevada,193702
F_55to64Years,F,Nevada,190546
F_65to74Years,F,Nevada,156269
F_75to84Years,F,Nevada,71380
F_85YearsandOver,F,Nevada,25819
F_Under5Years,F,NewHampshire,31214
F_5to9Years,F,NewHampshire,32468
F_10to14Years,F,NewHampshire,39337
F_15to17Years,F,NewHampshire,24095
F_18to24Years,F,NewHampshire,61518
F_25to34Years,F,NewHampshire,82968
F_35to44Years,F,NewHampshire,79577
F_45to54Years,F,NewHampshire,93706
F_55to64Years,F,NewHampshire,109087
F_65to74Years,F,NewHampshire,79052
F_75to84Years,F,NewHampshire,37432
F_85YearsandOver,F,NewHampshire,17875
F_Under5Years,F,NewJersey,258730
F_5to9Years,F,NewJersey,270750
F_10to14Years,F,NewJersey,290610
F_15to17Years,F,NewJersey,176740
F_18to24Years,F,NewJersey,382620
F_25to34Years,F,NewJersey,582308
F_35to44Years,F,NewJersey,598294
F_45to54Years,F,NewJersey,640890
F_55to64Years,F,NewJersey,652356
F_65to74Years,F,NewJersey,463869
F_75to84Years,F,NewJersey,246504
F_85YearsandOver,F,NewJersey,131042
F_Under5Years,F,NewMexico,59138
F_5to9Years,F,NewMexico,64912
F_10to14Years,F,NewMexico,72068
F_15to17Years,F,NewMexico,41845
F_18to24Years,F,NewMexico,95355
F_25to34Years,F,NewMexico,135745
F_35to44Years,F,NewMexico,128797
F_45to54Years,F,NewMexico,121435
F_55to64Years,F,NewMexico,142280
F_65to74Years,F,NewMexico,118105
F_75to84Years,F,NewMexico,55735
F_85YearsandOver,F,NewMexico,25503
F_Under5Years,F,NewYork,564209
F_5to9Years,F,NewYork,553646
F_10to14Years,F,NewYork,586601
F_15to17Years,F,NewYork,353650
F_18to24Years,F,NewYork,905794
F_25to34Years,F,NewYork,1455137
F_35to44Years,F,NewYork,1280662
F_45to54Years,F,NewYork,1321767
F_55to64Years,F,NewYork,1393196
F_65to74Years,F,NewYork,1034154
F_75to84Years,F,NewYork,548526
F_85YearsandOver,F,NewYork,295692
F_Under5Years,F,NorthCarolina,289115
F_5to9Years,F,NorthCarolina,308334
F_10to14Years,F,NorthCarolina,329006
F_15to17Years,F,NorthCarolina,199221
F_18to24Years,F,NorthCarolina,475379
F_25to34Years,F,NorthCarolina,695259
F_35to44Years,F,NorthCarolina,668015
F_45to54Years,F,NorthCarolina,692480
F_55to64Years,F,NorthCarolina,702480
F_65to74Years,F,NorthCarolina,553464
F_75to84Years,F,NorthCarolina,268601
F_85YearsandOver,F,NorthCarolina,118002
F_Under5Years,F,NorthDakota,25805
F_5to9Years,F,NorthDakota,25531
F_10to14Years,F,NorthDakota,24432
F_15to17Years,F,NorthDakota,14047
F_18to24Years,F,NorthDakota,40189
F_25to34Years,F,NorthDakota,52846
F_35to44Years,F,NorthDakota,44343
F_45to54Years,F,NorthDakota,39041
F_55to64Years,F,NorthDakota,46698
F_65to74Years,F,NorthDakota,33768
F_75to84Years,F,NorthDakota,18900
F_85YearsandOver,F,NorthDakota,10651
F_Under5Years,F,Ohio,337131
F_5to9Years,F,Ohio,346303
F_10to14Years,F,Ohio,374155
F_15to17Years,F,Ohio,226311
F_18to24Years,F,Ohio,522615
F_25to34Years,F,Ohio,766804
F_35to44Years,F,Ohio,714127
F_45to54Years,F,Ohio,741114
F_55to64Years,F,Ohio,828124
F_65to74Years,F,Ohio,632006
F_75to84Years,F,Ohio,322440
F_85YearsandOver,F,Ohio,158789
F_Under5Years,F,Oklahoma,123410
F_5to9Years,F,Oklahoma,130675
F_10to14Years,F,Oklahoma,136325
F_15to17Years,F,Oklahoma,79191
F_18to24Years,F,Oklahoma,182415
F_25to34Years,F,Oklahoma,264085
F_35to44Years,F,Oklahoma,248358
F_45to54Years,F,Oklahoma,228277
F_55to64Years,F,Oklahoma,251951
F_65to74Years,F,Oklahoma,193816
F_75to84Years,F,Oklahoma,101377
F_85YearsandOver,F,Oklahoma,43329
F_Under5Years,F,Oregon,108729
F_5to9Years,F,Oregon,117183
F_10to14Years,F,Oregon,125449
F_15to17Years,F,Oregon,73689
F_18to24Years,F,Oregon,177675
F_25to34Years,F,Oregon,292074
F_35to44Years,F,Oregon,283177
F_45to54Years,F,Oregon,254881
F_55to64Years,F,Oregon,278053
F_65to74Years,F,Oregon,241273
F_75to84Years,F,Oregon,108052
F_85YearsandOver,F,Oregon,50513
F_Under5Years,F,Pennsylvania,341885
F_5to9Years,F,Pennsylvania,360844
F_10to14Years,F,Pennsylvania,381917
F_15to17Years,F,Pennsylvania,233921
F_18to24Years,F,Pennsylvania,570151
F_25to34Years,F,Pennsylvania,837065
F_35to44Years,F,Pennsylvania,774036
F_45to54Years,F,Pennsylvania,825896
F_55to64Years,F,Pennsylvania,936815
F_65to74Years,F,Pennsylvania,723262
F_75to84Years,F,Pennsylvania,380943
F_85YearsandOver,F,Pennsylvania,209698
F_Under5Years,F,RhodeIsland,27134
F_5to9Years,F,RhodeIsland,28605
F_10to14Years,F,RhodeIsland,29268
F_15to17Years,F,RhodeIsland,18722
F_18to24Years,F,RhodeIsland,57056
F_25to34Years,F,RhodeIsland,74208
F_35to44Years,F,RhodeIsland,65182
F_45to54Years,F,RhodeIsland,71828
F_55to64Years,F,RhodeIsland,80046
F_65to74Years,F,RhodeIsland,58004
F_75to84Years,F,RhodeIsland,31057
F_85YearsandOver,F,RhodeIsland,16556
F_Under5Years,F,SouthCarolina,139164
F_5to9Years,F,SouthCarolina,151791
F_10to14Years,F,SouthCarolina,158207
F_15to17Years,F,SouthCarolina,94004
F_18to24Years,F,SouthCarolina,223735
F_25to34Years,F,SouthCarolina,336392
F_35to44Years,F,SouthCarolina,318240
F_45to54Years,F,SouthCarolina,327681
F_55to64Years,F,SouthCarolina,359055
F_65to74Years,F,SouthCarolina,300550
F_75to84Years,F,SouthCarolina,141027
F_85YearsandOver,F,SouthCarolina,54998
F_Under5Years,F,SouthDakota,29297
F_5to9Years,F,SouthDakota,30911
F_10to14Years,F,SouthDakota,29840
F_15to17Years,F,SouthDakota,17008
F_18to24Years,F,SouthDakota,40139
F_25to34Years,F,SouthDakota,53958
F_35to44Years,F,SouthDakota,51507
F_45to54Years,F,SouthDakota,46771
F_55to64Years,F,SouthDakota,58045
F_65to74Years,F,SouthDakota,44040
F_75to84Years,F,SouthDakota,21582
F_85YearsandOver,F,SouthDakota,12226
F_Under5Years,F,Tennessee,198246
F_5to9Years,F,Tennessee,201896
F_10to14Years,F,Tennessee,219898
F_15to17Years,F,Tennessee,129605
F_18to24Years,F,Tennessee,304781
F_25to34Years,F,Tennessee,472712
F_35to44Years,F,Tennessee,435260
F_45to54Years,F,Tennessee,447380
F_55to64Years,F,Tennessee,469031
F_65to74Years,F,Tennessee,362893
F_75to84Years,F,Tennessee,183042
F_85YearsandOver,F,Tennessee,72654
F_Under5Years,F,Texas,958490
F_5to9Years,F,Texas,998344
F_10to14Years,F,Texas,1065663
F_15to17Years,F,Texas,620620
F_18to24Years,F,Texas,1360060
F_25to34Years,F,Texas,2059727
F_35to44Years,F,Texas,1967990
F_45to54Years,F,Texas,1785594
F_55to64Years,F,Texas,1660442
F_65to74Years,F,Texas,1181847
F_75to84Years,F,Texas,561956
F_85YearsandOver,F,Texas,243677
F_Under5Years,F,Utah,119820
F_5to9Years,F,Utah,129864
F_10to14Years,F,Utah,131992
F_15to17Years,F,Utah,78253
F_18to24Years,F,Utah,178255
F_25to34Years,F,Utah,230615
F_35to44Years,F,Utah,219284
F_45to54Years,F,Utah,164933
F_55to64Years,F,Utah,154653
F_65to74Years,F,Utah,113878
F_75to84Years,F,Utah,54996
F_85YearsandOver,F,Utah,20984
F_Under5Years,F,Vermont,14049
F_5to9Years,F,Vermont,15342
F_10to14Years,F,Vermont,16997
F_15to17Years,F,Vermont,10694
F_18to24Years,F,Vermont,33099
F_25to34Years,F,Vermont,37288
F_35to44Years,F,Vermont,37734
F_45to54Years,F,Vermont,40981
F_55to64Years,F,Vermont,49943
F_65to74Years,F,Vermont,39667
F_75to84Years,F,Vermont,18545
F_85YearsandOver,F,Vermont,8765
F_Under5Years,F,Virginia,244760
F_5to9Years,F,Virginia,252006
F_10to14Years,F,Virginia,266690
F_15to17Years,F,Virginia,158801
F_18to24Years,F,Virginia,391258
F_25to34Years,F,Virginia,581961
F_35to44Years,F,Virginia,567392
F_45to54Years,F,Virginia,564357
F_55to64Years,F,Virginia,575765
F_65to74Years,F,Virginia,427110
F_75to84Years,F,Virginia,215887
F_85YearsandOver,F,Virginia,91211
F_Under5Years,F,Washington,218811
F_5to9Years,F,Washington,230501
F_10to14Years,F,Washington,233793
F_15to17Years,F,Washington,136471
F_18to24Years,F,Washington,316423
F_25to34Years,F,Washington,555320
F_35to44Years,F,Washington,509190
F_45to54Years,F,Washington,462317
F_55to64Years,F,Washington,487330
F_65to74Years,F,Washington,382040
F_75to84Years,F,Washington,171014
F_85YearsandOver,F,Washington,82190
F_Under5Years,F,WestVirginia,45161
F_5to9Years,F,WestVirginia,49064
F_10to14Years,F,WestVirginia,51980
F_15to17Years,F,WestVirginia,31535
F_18to24Years,F,WestVirginia,75042
F_25to34Years,F,WestVirginia,103404
F_35to44Years,F,WestVirginia,107524
F_45to54Years,F,WestVirginia,115369
F_55to64Years,F,WestVirginia,131182
F_65to74Years,F,WestVirginia,112762
F_75to84Years,F,WestVirginia,55554
F_85YearsandOver,F,WestVirginia,25749
F_Under5Years,F,Wisconsin,160734
F_5to9Years,F,Wisconsin,173541
F_10to14Years,F,Wisconsin,183963
F_15to17Years,F,Wisconsin,112356
F_18to24Years,F,Wisconsin,270648
F_25to34Years,F,Wisconsin,359871
F_35to44Years,F,Wisconsin,357763
F_45to54Years,F,Wisconsin,361060
F_55to64Years,F,Wisconsin,417535
F_65to74Years,F,Wisconsin,306333
F_75to84Years,F,Wisconsin,149977
F_85YearsandOver,F,Wisconsin,80259
F_Under5Years,F,Wyoming,16550
F_5to9Years,F,Wyoming,18237
F_10to14Years,F,Wyoming,19632
F_15to17Years,F,Wyoming,10744
F_18to24Years,F,Wyoming,24391
F_25to34Years,F,Wyoming,36024
F_35to44Years,F,Wyoming,36189
F_45to54Years,F,Wyoming,31532
F_55to64Years,F,Wyoming,38567
F_65to74Years,F,Wyoming,29710
F_75to84Years,F,Wyoming,13834
F_85YearsandOver,F,Wyoming,6027
